"fa_year","disease","general","exposure","lag","ee_original","ll_original","ul_original","Value","Reference","increase_original","unit_original","country","continent","cohort","fu","mean_temp","Type.of.ES","Statistical.method","Population","Outcome","stratification"
"Berglind et al. (2010)","Myocardial infarction","y","PM10","0-2",1.08,0.86,1.41,NA,NA,12.2,"μg/m3","Sweden","Europe","Swedish Onset","1 (1994)",NA,"OR","Conditional logistic regression","44-70 years","HA","female"
"Berglind et al. (2010)","Myocardial infarction","y","PM10","0-2",0.92,0.79,1.06,NA,NA,12.2,"μg/m3","Sweden","Europe","Swedish Onset","1 (1994)",NA,"OR","Conditional logistic regression","44-70 years","HA","male"
"Berglind et al. (2010)","Myocardial infarction","y","PM10","0-24",1.19,0.9,1.55,NA,NA,9.1,"μg/m3","Sweden","Europe","Swedish Onset","1 (1994)",NA,"OR","Conditional logistic regression","44-70 years","HA","female"
"Berglind et al. (2010)","Myocardial infarction","y","PM10","0-24",0.95,0.83,1.14,NA,NA,9.1,"μg/m3","Sweden","Europe","Swedish Onset","1 (1994)",NA,"OR","Conditional logistic regression","44-70 years","HA","male"
"Berglind et al. (2010)","Myocardial infarction","y","O3","0-2",1,0.73,1.46,NA,NA,29.6,"μg/m3","Sweden","Europe","Swedish Onset","2 (1993-1994)",NA,"OR","Conditional logistic regression","44-70 years","HA","female"
"Berglind et al. (2010)","Myocardial infarction","y","O3","0-2",1.04,0.87,1.29,NA,NA,29.6,"μg/m3","Sweden","Europe","Swedish Onset","2 (1993-1994)",NA,"OR","Conditional logistic regression","44-70 years","HA","male"
"Berglind et al. (2010)","Myocardial infarction","y","O3","0-24",0.92,0.62,1.38,NA,NA,24.7,"μg/m3","Sweden","Europe","Swedish Onset","2 (1993-1994)",NA,"OR","Conditional logistic regression","44-70 years","HA","female"
"Berglind et al. (2010)","Myocardial infarction","y","O3","0-24",0.94,0.78,1.18,NA,NA,24.7,"μg/m3","Sweden","Europe","Swedish Onset","2 (1993-1994)",NA,"OR","Conditional logistic regression","44-70 years","HA","male"
"Bhaskaran et al. (2012)","Myocardial infarction","y","Heat","1-6",1.0136,0.9889,1.0379,21,20,1,"°C","UK","Europe","MINAP","7 (2003-2009)",NA,"OR","Conditional logistic regression","General","HA","female"
"Bhaskaran et al. (2012)","Myocardial infarction","y","Heat","1-6",1.0229,1.0043,1.0411,21,20,1,"°C","UK","Europe","MINAP","7 (2003-2009)",NA,"OR","Conditional logistic regression","General","HA","male"
"Chen, K. et al. (2020)","Myocardial infarction","y","PM10","1-6",1.038,0.9956,1.0822,NA,NA,15.8,"μg/m3","Germany","Europe","Ausburg MI Registry","11 (2005-2015)",NA,"OR","Conditional logistic regression","General","HA","male"
"Chen, K. et al. (2020)","Myocardial infarction","y","PM2.5","1-6",1.0475,1.0045,1.0924,NA,NA,13.2,"μg/m3","Germany","Europe","Ausburg MI Registry","11 (2005-2015)",NA,"OR","Conditional logistic regression","General","HA","male"
"Chen, K. et al. (2020)","Myocardial infarction","y","UFP","1-6",1.054,1.0182,1.0909,NA,NA,6528,"particles/cm3","Germany","Europe","Ausburg MI Registry","11 (2005-2015)",NA,"OR","Conditional logistic regression","General","HA","male"
"Chen, K. et al. (2020)","Myocardial infarction","y","PM10","1-6",0.9833,0.9116,1.0607,NA,NA,15.8,"μg/m3","Germany","Europe","Ausburg MI Registry","11 (2005-2015)",NA,"OR","Conditional logistic regression","General","HA","female"
"Chen, K. et al. (2020)","Myocardial infarction","y","PM2.5","1-6",1.0044,0.9322,1.0822,NA,NA,13.2,"μg/m3","Germany","Europe","Ausburg MI Registry","11 (2005-2015)",NA,"OR","Conditional logistic regression","General","HA","female"
"Chen, K. et al. (2020)","Myocardial infarction","y","UFP","1-6",0.9755,0.9169,1.0378,NA,NA,6528,"particles/cm3","Germany","Europe","Ausburg MI Registry","11 (2005-2015)",NA,"OR","Conditional logistic regression","General","HA","female"
"Chen, R. et al. (2022)","Acute coronary syndrome","y","CO","0-24",1.0186,1.0128,1.0244,NA,NA,1,"mg/m3","China","Asia","CCA Database","6 (2015-2020)",NA,"OR","Conditional logistic regression","General","HA","female"
"Chen, R. et al. (2022)","Acute coronary syndrome","y","NO2","0-24",1.0437,1.035,1.0525,NA,NA,10,"μg/m3","China","Asia","CCA Database","6 (2015-2020)",NA,"OR","Conditional logistic regression","General","HA","female"
"Chen, R. et al. (2022)","Acute coronary syndrome","y","PM2.5","0-24",1.0119,1.0075,1.0163,NA,NA,10,"μg/m3","China","Asia","CCA Database","6 (2015-2020)",NA,"OR","Conditional logistic regression","General","HA","female"
"Chen, R. et al. (2022)","Acute coronary syndrome","y","SO2","0-24",1.0074,1.0036,1.0112,NA,NA,10,"μg/m3","China","Asia","CCA Database","6 (2015-2020)",NA,"OR","Conditional logistic regression","General","HA","female"
"Chen, R. et al. (2022)","Acute coronary syndrome","y","CO","0-24",1.0127,1.009,1.0164,NA,NA,1,"mg/m3","China","Asia","CCA Database","6 (2015-2020)",NA,"OR","Conditional logistic regression","General","HA","male"
"Chen, R. et al. (2022)","Acute coronary syndrome","y","NO2","0-24",1.0374,1.0317,1.0432,NA,NA,10,"μg/m3","China","Asia","CCA Database","6 (2015-2020)",NA,"OR","Conditional logistic regression","General","HA","male"
"Chen, R. et al. (2022)","Acute coronary syndrome","y","PM2.5","0-24",1.0137,1.0107,1.0167,NA,NA,10,"μg/m3","China","Asia","CCA Database","6 (2015-2020)",NA,"OR","Conditional logistic regression","General","HA","male"
"Chen, R. et al. (2022)","Acute coronary syndrome","y","SO2","0-24",1.0067,1.0043,1.0091,NA,NA,10,"μg/m3","China","Asia","CCA Database","6 (2015-2020)",NA,"OR","Conditional logistic regression","General","HA","male"
"Cheng et al. (2021a)","Acute myocardial infarction","y","PM10","13-24",1.0171,0.8758,1.1583,NA,NA,10,"μg/m3","Australia","Australia","Queensland Emergency Department Information System and Emergency Data Collection","3 (2013-2015)",NA,"OR","Conditional logistic regression","General","EDV","female"
"Cheng et al. (2021a)","Acute myocardial infarction","y","PM10","7-12",1.0174,0.9136,1.1318,NA,NA,10,"μg/m3","Australia","Australia","Queensland Emergency Department Information System and Emergency Data Collection","3 (2013-2015)",NA,"OR","Conditional logistic regression","General","EDV","female"
"Cheng et al. (2021a)","Acute myocardial infarction","y","PM10","2-6",1.0006,0.9136,1.1079,NA,NA,10,"μg/m3","Australia","Australia","Queensland Emergency Department Information System and Emergency Data Collection","3 (2013-2015)",NA,"OR","Conditional logistic regression","General","EDV","female"
"Cheng et al. (2021a)","Acute myocardial infarction","y","PM10","1",0.9819,0.9137,1.0734,NA,NA,10,"μg/m3","Australia","Australia","Queensland Emergency Department Information System and Emergency Data Collection","3 (2013-2015)",NA,"OR","Conditional logistic regression","General","EDV","female"
"Cheng et al. (2021a)","Acute myocardial infarction","y","PM2.5","13-24",1.069,0.8723,1.309,NA,NA,10,"μg/m3","Australia","Australia","Queensland Emergency Department Information System and Emergency Data Collection","3 (2013-2015)",NA,"OR","Conditional logistic regression","General","EDV","female"
"Cheng et al. (2021a)","Acute myocardial infarction","y","PM2.5","7-12",1.1259,0.938,1.3537,NA,NA,10,"μg/m3","Australia","Australia","Queensland Emergency Department Information System and Emergency Data Collection","3 (2013-2015)",NA,"OR","Conditional logistic regression","General","EDV","female"
"Cheng et al. (2021a)","Acute myocardial infarction","y","PM2.5","2-6",1.0695,0.8928,1.2811,NA,NA,10,"μg/m3","Australia","Australia","Queensland Emergency Department Information System and Emergency Data Collection","3 (2013-2015)",NA,"OR","Conditional logistic regression","General","EDV","female"
"Cheng et al. (2021a)","Acute myocardial infarction","y","PM2.5","1",0.9999,0.8633,1.1443,NA,NA,10,"μg/m3","Australia","Australia","Queensland Emergency Department Information System and Emergency Data Collection","3 (2013-2015)",NA,"OR","Conditional logistic regression","General","EDV","female"
"Cheng et al. (2021a)","Acute myocardial infarction","y","NO2","13-24",1.0692,0.8827,1.3064,NA,NA,10,"μg/m3","Australia","Australia","Queensland Emergency Department Information System and Emergency Data Collection","3 (2013-2015)",NA,"OR","Conditional logistic regression","General","EDV","female"
"Cheng et al. (2021a)","Acute myocardial infarction","y","NO2","7-12",1.1189,0.9365,1.3636,NA,NA,10,"μg/m3","Australia","Australia","Queensland Emergency Department Information System and Emergency Data Collection","3 (2013-2015)",NA,"OR","Conditional logistic regression","General","EDV","female"
"Cheng et al. (2021a)","Acute myocardial infarction","y","NO2","2-6",1.0379,0.8255,1.1927,NA,NA,10,"μg/m3","Australia","Australia","Queensland Emergency Department Information System and Emergency Data Collection","3 (2013-2015)",NA,"OR","Conditional logistic regression","General","EDV","female"
"Cheng et al. (2021a)","Acute myocardial infarction","y","NO2","1",1.0012,0.8531,1.1749,NA,NA,10,"μg/m3","Australia","Australia","Queensland Emergency Department Information System and Emergency Data Collection","3 (2013-2015)",NA,"OR","Conditional logistic regression","General","EDV","female"
"Cheng et al. (2021a)","Acute myocardial infarction","y","O3","13-24",0.9644,0.8097,1.0936,NA,NA,10,"μg/m3","Australia","Australia","Queensland Emergency Department Information System and Emergency Data Collection","3 (2013-2015)",NA,"OR","Conditional logistic regression","General","EDV","female"
"Cheng et al. (2021a)","Acute myocardial infarction","y","O3","7-12",1.0113,0.9103,1.1235,NA,NA,10,"μg/m3","Australia","Australia","Queensland Emergency Department Information System and Emergency Data Collection","3 (2013-2015)",NA,"OR","Conditional logistic regression","General","EDV","female"
"Cheng et al. (2021a)","Acute myocardial infarction","y","O3","2-6",1.0103,0.9181,1.1241,NA,NA,10,"μg/m3","Australia","Australia","Queensland Emergency Department Information System and Emergency Data Collection","3 (2013-2015)",NA,"OR","Conditional logistic regression","General","EDV","female"
"Cheng et al. (2021a)","Acute myocardial infarction","y","O3","1",0.9891,0.9149,1.0682,NA,NA,10,"μg/m3","Australia","Australia","Queensland Emergency Department Information System and Emergency Data Collection","3 (2013-2015)",NA,"OR","Conditional logistic regression","General","EDV","female"
"Cheng et al. (2021a)","Acute myocardial infarction","y","PM10","13-24",1.1046,1.0153,1.2017,NA,NA,10,"μg/m3","Australia","Australia","Queensland Emergency Department Information System and Emergency Data Collection","3 (2013-2015)",NA,"OR","Conditional logistic regression","General","EDV","male"
"Cheng et al. (2021a)","Acute myocardial infarction","y","PM10","7-12",1.0898,1.0099,1.1764,NA,NA,10,"μg/m3","Australia","Australia","Queensland Emergency Department Information System and Emergency Data Collection","3 (2013-2015)",NA,"OR","Conditional logistic regression","General","EDV","male"
"Cheng et al. (2021a)","Acute myocardial infarction","y","PM10","2-6",1.0777,0.9975,1.1533,NA,NA,10,"μg/m3","Australia","Australia","Queensland Emergency Department Information System and Emergency Data Collection","3 (2013-2015)",NA,"OR","Conditional logistic regression","General","EDV","male"
"Cheng et al. (2021a)","Acute myocardial infarction","y","PM10","1",1.0839,1.0028,1.1526,NA,NA,10,"μg/m3","Australia","Australia","Queensland Emergency Department Information System and Emergency Data Collection","3 (2013-2015)",NA,"OR","Conditional logistic regression","General","EDV","male"
"Cheng et al. (2021a)","Acute myocardial infarction","y","PM2.5","13-24",1.13,0.9713,1.3198,NA,NA,10,"μg/m3","Australia","Australia","Queensland Emergency Department Information System and Emergency Data Collection","3 (2013-2015)",NA,"OR","Conditional logistic regression","General","EDV","male"
"Cheng et al. (2021a)","Acute myocardial infarction","y","PM2.5","7-12",1.113,0.9707,1.2786,NA,NA,10,"μg/m3","Australia","Australia","Queensland Emergency Department Information System and Emergency Data Collection","3 (2013-2015)",NA,"OR","Conditional logistic regression","General","EDV","male"
"Cheng et al. (2021a)","Acute myocardial infarction","y","PM2.5","2-6",1.15,1.0161,1.302,NA,NA,10,"μg/m3","Australia","Australia","Queensland Emergency Department Information System and Emergency Data Collection","3 (2013-2015)",NA,"OR","Conditional logistic regression","General","EDV","male"
"Cheng et al. (2021a)","Acute myocardial infarction","y","PM2.5","1",1.0836,0.9895,1.1667,NA,NA,10,"μg/m3","Australia","Australia","Queensland Emergency Department Information System and Emergency Data Collection","3 (2013-2015)",NA,"OR","Conditional logistic regression","General","EDV","male"
"Cheng et al. (2021a)","Acute myocardial infarction","y","NO2","13-24",1.0933,0.9325,1.296,NA,NA,10,"μg/m3","Australia","Australia","Queensland Emergency Department Information System and Emergency Data Collection","3 (2013-2015)",NA,"OR","Conditional logistic regression","General","EDV","male"
"Cheng et al. (2021a)","Acute myocardial infarction","y","NO2","7-12",0.9506,0.817,1.1145,NA,NA,10,"μg/m3","Australia","Australia","Queensland Emergency Department Information System and Emergency Data Collection","3 (2013-2015)",NA,"OR","Conditional logistic regression","General","EDV","male"
"Cheng et al. (2021a)","Acute myocardial infarction","y","NO2","2-6",0.9508,0.8395,1.1123,NA,NA,10,"μg/m3","Australia","Australia","Queensland Emergency Department Information System and Emergency Data Collection","3 (2013-2015)",NA,"OR","Conditional logistic regression","General","EDV","male"
"Cheng et al. (2021a)","Acute myocardial infarction","y","NO2","1",1.026,0.9073,1.1529,NA,NA,10,"μg/m3","Australia","Australia","Queensland Emergency Department Information System and Emergency Data Collection","3 (2013-2015)",NA,"OR","Conditional logistic regression","General","EDV","male"
"Cheng et al. (2021a)","Acute myocardial infarction","y","O3","13-24",0.9874,0.9435,1.0796,NA,NA,10,"μg/m3","Australia","Australia","Queensland Emergency Department Information System and Emergency Data Collection","3 (2013-2015)",NA,"OR","Conditional logistic regression","General","EDV","male"
"Cheng et al. (2021a)","Acute myocardial infarction","y","O3","7-12",1.0687,0.9885,1.1545,NA,NA,10,"μg/m3","Australia","Australia","Queensland Emergency Department Information System and Emergency Data Collection","3 (2013-2015)",NA,"OR","Conditional logistic regression","General","EDV","male"
"Cheng et al. (2021a)","Acute myocardial infarction","y","O3","2-6",1.0534,0.977,1.1358,NA,NA,10,"μg/m3","Australia","Australia","Queensland Emergency Department Information System and Emergency Data Collection","3 (2013-2015)",NA,"OR","Conditional logistic regression","General","EDV","male"
"Cheng et al. (2021a)","Acute myocardial infarction","y","O3","1",1.0133,0.953,1.0799,NA,NA,10,"μg/m3","Australia","Australia","Queensland Emergency Department Information System and Emergency Data Collection","3 (2013-2015)",NA,"OR","Conditional logistic regression","General","EDV","male"
"Dahlquist et al. (2020)","Atrial fibrillation","y","PM2.5","12-24",1.04,0.93,1.17,NA,NA,10,"μg/m3","Sweden","Europe","STROKESTOP","3 (2012-2013, 2016-2018)",NA,"OR","GEE","Elderly","HA","female"
"Dahlquist et al. (2020)","Atrial fibrillation","y","PM2.5","12-24",1.04,0.94,1.16,NA,NA,10,"μg/m3","Sweden","Europe","STROKESTOP","3 (2012-2013, 2016-2018)",NA,"OR","GEE","Elderly","HA","male"
"Dahlquist et al. (2020)","Atrial fibrillation","y","PM10","12-24",1.15,1.04,1.28,NA,NA,10,"μg/m3","Sweden","Europe","STROKESTOP","3 (2012-2013, 2016-2018)",NA,"OR","GEE","Elderly","HA","female"
"Dahlquist et al. (2020)","Atrial fibrillation","y","PM10","12-24",1.05,0.93,1.2,NA,NA,10,"μg/m3","Sweden","Europe","STROKESTOP","3 (2012-2013, 2016-2018)",NA,"OR","GEE","Elderly","HA","male"
"Dahlquist et al. (2020)","Atrial fibrillation","y","O3","0-12",1.1,0.88,1.37,NA,NA,10,"μg/m3","Sweden","Europe","STROKESTOP","3 (2012-2013, 2016-2018)",NA,"OR","GEE","Elderly","HA","female"
"Dahlquist et al. (2020)","Atrial fibrillation","y","O3","0-12",1.14,0.95,1.38,NA,NA,10,"μg/m3","Sweden","Europe","STROKESTOP","3 (2012-2013, 2016-2018)",NA,"OR","GEE","Elderly","HA","male"
"Dennekamp et al. (2015)","OHCA","y","CO","0",0.9593,0.892,1.0317,NA,NA,0.3,"ppm","Australia","Australia","Victorian Ambulance Cardiac Arrest Registry","2 (2006-2007)",14.9,"OR","Conditional logistic regression","General","EAC","female"
"Dennekamp et al. (2015)","OHCA","y","CO","1",0.9512,0.8836,1.0239,NA,NA,0.3,"ppm","Australia","Australia","Victorian Ambulance Cardiac Arrest Registry","2 (2006-2007)",14.9,"OR","Conditional logistic regression","General","EAC","female"
"Dennekamp et al. (2015)","OHCA","y","CO","2",0.9542,0.8873,1.0263,NA,NA,0.3,"ppm","Australia","Australia","Victorian Ambulance Cardiac Arrest Registry","2 (2006-2007)",14.9,"OR","Conditional logistic regression","General","EAC","female"
"Dennekamp et al. (2015)","OHCA","y","CO","0-12",0.9425,0.8618,1.0307,NA,NA,0.3,"ppm","Australia","Australia","Victorian Ambulance Cardiac Arrest Registry","2 (2006-2007)",14.9,"OR","Conditional logistic regression","General","EAC","female"
"Dennekamp et al. (2015)","OHCA","y","CO","0-2",0.9492,0.8802,1.0236,NA,NA,0.3,"ppm","Australia","Australia","Victorian Ambulance Cardiac Arrest Registry","2 (2006-2007)",14.9,"OR","Conditional logistic regression","General","EAC","female"
"Dennekamp et al. (2015)","OHCA","y","CO","0-24",0.9402,0.8491,1.041,NA,NA,0.3,"ppm","Australia","Australia","Victorian Ambulance Cardiac Arrest Registry","2 (2006-2007)",14.9,"OR","Conditional logistic regression","General","EAC","female"
"Dennekamp et al. (2015)","OHCA","y","CO","0-3",0.9445,0.8736,1.0211,NA,NA,0.3,"ppm","Australia","Australia","Victorian Ambulance Cardiac Arrest Registry","2 (2006-2007)",14.9,"OR","Conditional logistic regression","General","EAC","female"
"Dennekamp et al. (2015)","OHCA","y","CO","0-4",0.9375,0.8638,1.0175,NA,NA,0.3,"ppm","Australia","Australia","Victorian Ambulance Cardiac Arrest Registry","2 (2006-2007)",14.9,"OR","Conditional logistic regression","General","EAC","female"
"Dennekamp et al. (2015)","OHCA","y","CO","0-8",0.9283,0.8474,1.0169,NA,NA,0.3,"ppm","Australia","Australia","Victorian Ambulance Cardiac Arrest Registry","2 (2006-2007)",14.9,"OR","Conditional logistic regression","General","EAC","female"
"Dennekamp et al. (2015)","OHCA","y","PM10","0",0.9709,0.9074,1.0389,NA,NA,13.7,"μg/m3","Australia","Australia","Victorian Ambulance Cardiac Arrest Registry","2 (2006-2007)",NA,"OR","Conditional logistic regression","General","EAC","female"
"Dennekamp et al. (2015)","OHCA","y","PM10","1",0.9959,0.9315,1.0646,NA,NA,13.7,"μg/m3","Australia","Australia","Victorian Ambulance Cardiac Arrest Registry","2 (2006-2007)",NA,"OR","Conditional logistic regression","General","EAC","female"
"Dennekamp et al. (2015)","OHCA","y","PM10","2",0.9723,0.9079,1.0411,NA,NA,13.7,"μg/m3","Australia","Australia","Victorian Ambulance Cardiac Arrest Registry","2 (2006-2007)",NA,"OR","Conditional logistic regression","General","EAC","female"
"Dennekamp et al. (2015)","OHCA","y","PM10","0-12",1.0027,0.9248,1.0873,NA,NA,13.7,"μg/m3","Australia","Australia","Victorian Ambulance Cardiac Arrest Registry","2 (2006-2007)",NA,"OR","Conditional logistic regression","General","EAC","female"
"Dennekamp et al. (2015)","OHCA","y","PM10","0-2",0.983,0.917,1.0537,NA,NA,13.7,"μg/m3","Australia","Australia","Victorian Ambulance Cardiac Arrest Registry","2 (2006-2007)",NA,"OR","Conditional logistic regression","General","EAC","female"
"Dennekamp et al. (2015)","OHCA","y","PM10","0-24",0.9908,0.9037,1.0863,NA,NA,13.7,"μg/m3","Australia","Australia","Victorian Ambulance Cardiac Arrest Registry","2 (2006-2007)",NA,"OR","Conditional logistic regression","General","EAC","female"
"Dennekamp et al. (2015)","OHCA","y","PM10","0-3",0.9762,0.9084,1.0492,NA,NA,13.7,"μg/m3","Australia","Australia","Victorian Ambulance Cardiac Arrest Registry","2 (2006-2007)",NA,"OR","Conditional logistic regression","General","EAC","female"
"Dennekamp et al. (2015)","OHCA","y","PM10","0-4",0.9792,0.9097,1.054,NA,NA,13.7,"μg/m3","Australia","Australia","Victorian Ambulance Cardiac Arrest Registry","2 (2006-2007)",NA,"OR","Conditional logistic regression","General","EAC","female"
"Dennekamp et al. (2015)","OHCA","y","PM10","0-8",1.0005,0.9246,1.0825,NA,NA,13.7,"μg/m3","Australia","Australia","Victorian Ambulance Cardiac Arrest Registry","2 (2006-2007)",NA,"OR","Conditional logistic regression","General","EAC","female"
"Dennekamp et al. (2015)","OHCA","y","PM2.5","0",0.9978,0.9583,1.0391,NA,NA,6.1,"μg/m3","Australia","Australia","Victorian Ambulance Cardiac Arrest Registry","2 (2006-2007)",NA,"OR","Conditional logistic regression","General","EAC","female"
"Dennekamp et al. (2015)","OHCA","y","PM2.5","1",0.9862,0.9443,1.03,NA,NA,6.1,"μg/m3","Australia","Australia","Victorian Ambulance Cardiac Arrest Registry","2 (2006-2007)",NA,"OR","Conditional logistic regression","General","EAC","female"
"Dennekamp et al. (2015)","OHCA","y","PM2.5","2",0.9852,0.9426,1.0298,NA,NA,6.1,"μg/m3","Australia","Australia","Victorian Ambulance Cardiac Arrest Registry","2 (2006-2007)",NA,"OR","Conditional logistic regression","General","EAC","female"
"Dennekamp et al. (2015)","OHCA","y","PM2.5","0-12",1.0024,0.9541,1.0531,NA,NA,6.1,"μg/m3","Australia","Australia","Victorian Ambulance Cardiac Arrest Registry","2 (2006-2007)",NA,"OR","Conditional logistic regression","General","EAC","female"
"Dennekamp et al. (2015)","OHCA","y","PM2.5","0-2",0.9922,0.9508,1.0354,NA,NA,6.1,"μg/m3","Australia","Australia","Victorian Ambulance Cardiac Arrest Registry","2 (2006-2007)",NA,"OR","Conditional logistic regression","General","EAC","female"
"Dennekamp et al. (2015)","OHCA","y","PM2.5","0-24",0.9957,0.9396,1.055,NA,NA,6.1,"μg/m3","Australia","Australia","Victorian Ambulance Cardiac Arrest Registry","2 (2006-2007)",NA,"OR","Conditional logistic regression","General","EAC","female"
"Dennekamp et al. (2015)","OHCA","y","PM2.5","0-3",0.9892,0.9463,1.0339,NA,NA,6.1,"μg/m3","Australia","Australia","Victorian Ambulance Cardiac Arrest Registry","2 (2006-2007)",NA,"OR","Conditional logistic regression","General","EAC","female"
"Dennekamp et al. (2015)","OHCA","y","PM2.5","0-4",0.9899,0.9463,1.0356,NA,NA,6.1,"μg/m3","Australia","Australia","Victorian Ambulance Cardiac Arrest Registry","2 (2006-2007)",NA,"OR","Conditional logistic regression","General","EAC","female"
"Dennekamp et al. (2015)","OHCA","y","PM2.5","0-8",1.0023,0.9554,1.0514,NA,NA,6.1,"μg/m3","Australia","Australia","Victorian Ambulance Cardiac Arrest Registry","2 (2006-2007)",NA,"OR","Conditional logistic regression","General","EAC","female"
"Dennekamp et al. (2015)","OHCA","y","CO","0",1.0114,0.957,1.069,NA,NA,0.3,"ppm","Australia","Australia","Victorian Ambulance Cardiac Arrest Registry","2 (2006-2007)",14.9,"OR","Conditional logistic regression","General","EAC","male"
"Dennekamp et al. (2015)","OHCA","y","CO","1",1.0204,0.9646,1.0795,NA,NA,0.3,"ppm","Australia","Australia","Victorian Ambulance Cardiac Arrest Registry","2 (2006-2007)",14.9,"OR","Conditional logistic regression","General","EAC","male"
"Dennekamp et al. (2015)","OHCA","y","CO","2",1.0326,0.9764,1.092,NA,NA,0.3,"ppm","Australia","Australia","Victorian Ambulance Cardiac Arrest Registry","2 (2006-2007)",14.9,"OR","Conditional logistic regression","General","EAC","male"
"Dennekamp et al. (2015)","OHCA","y","CO","0-12",1.0491,0.9802,1.1229,NA,NA,0.3,"ppm","Australia","Australia","Victorian Ambulance Cardiac Arrest Registry","2 (2006-2007)",14.9,"OR","Conditional logistic regression","General","EAC","male"
"Dennekamp et al. (2015)","OHCA","y","CO","0-2",1.024,0.9679,1.0833,NA,NA,0.3,"ppm","Australia","Australia","Victorian Ambulance Cardiac Arrest Registry","2 (2006-2007)",14.9,"OR","Conditional logistic regression","General","EAC","male"
"Dennekamp et al. (2015)","OHCA","y","CO","0-24",1.0799,1.0006,1.1655,NA,NA,0.3,"ppm","Australia","Australia","Victorian Ambulance Cardiac Arrest Registry","2 (2006-2007)",14.9,"OR","Conditional logistic regression","General","EAC","male"
"Dennekamp et al. (2015)","OHCA","y","CO","0-3",1.0286,0.9703,1.0904,NA,NA,0.3,"ppm","Australia","Australia","Victorian Ambulance Cardiac Arrest Registry","2 (2006-2007)",14.9,"OR","Conditional logistic regression","General","EAC","male"
"Dennekamp et al. (2015)","OHCA","y","CO","0-4",1.0288,0.9684,1.093,NA,NA,0.3,"ppm","Australia","Australia","Victorian Ambulance Cardiac Arrest Registry","2 (2006-2007)",14.9,"OR","Conditional logistic regression","General","EAC","male"
"Dennekamp et al. (2015)","OHCA","y","CO","0-8",1.063,0.9936,1.1371,NA,NA,0.3,"ppm","Australia","Australia","Victorian Ambulance Cardiac Arrest Registry","2 (2006-2007)",14.9,"OR","Conditional logistic regression","General","EAC","male"
"Dennekamp et al. (2015)","OHCA","y","PM10","0",1.0138,0.9652,1.0648,NA,NA,13.7,"μg/m3","Australia","Australia","Victorian Ambulance Cardiac Arrest Registry","2 (2006-2007)",NA,"OR","Conditional logistic regression","General","EAC","male"
"Dennekamp et al. (2015)","OHCA","y","PM10","1",1.0258,0.9764,1.0778,NA,NA,13.7,"μg/m3","Australia","Australia","Victorian Ambulance Cardiac Arrest Registry","2 (2006-2007)",NA,"OR","Conditional logistic regression","General","EAC","male"
"Dennekamp et al. (2015)","OHCA","y","PM10","2",1.0105,0.9608,1.0627,NA,NA,13.7,"μg/m3","Australia","Australia","Victorian Ambulance Cardiac Arrest Registry","2 (2006-2007)",NA,"OR","Conditional logistic regression","General","EAC","male"
"Dennekamp et al. (2015)","OHCA","y","PM10","0-12",1.0436,0.9828,1.1082,NA,NA,13.7,"μg/m3","Australia","Australia","Victorian Ambulance Cardiac Arrest Registry","2 (2006-2007)",NA,"OR","Conditional logistic regression","General","EAC","male"
"Dennekamp et al. (2015)","OHCA","y","PM10","0-2",1.0188,0.968,1.0722,NA,NA,13.7,"μg/m3","Australia","Australia","Victorian Ambulance Cardiac Arrest Registry","2 (2006-2007)",NA,"OR","Conditional logistic regression","General","EAC","male"
"Dennekamp et al. (2015)","OHCA","y","PM10","0-24",1.0661,0.9982,1.1386,NA,NA,13.7,"μg/m3","Australia","Australia","Victorian Ambulance Cardiac Arrest Registry","2 (2006-2007)",NA,"OR","Conditional logistic regression","General","EAC","male"
"Dennekamp et al. (2015)","OHCA","y","PM10","0-3",1.015,0.9628,1.07,NA,NA,13.7,"μg/m3","Australia","Australia","Victorian Ambulance Cardiac Arrest Registry","2 (2006-2007)",NA,"OR","Conditional logistic regression","General","EAC","male"
"Dennekamp et al. (2015)","OHCA","y","PM10","0-4",1.0191,0.9652,1.0759,NA,NA,13.7,"μg/m3","Australia","Australia","Victorian Ambulance Cardiac Arrest Registry","2 (2006-2007)",NA,"OR","Conditional logistic regression","General","EAC","male"
"Dennekamp et al. (2015)","OHCA","y","PM10","0-8",1.0405,0.9821,1.1024,NA,NA,13.7,"μg/m3","Australia","Australia","Victorian Ambulance Cardiac Arrest Registry","2 (2006-2007)",NA,"OR","Conditional logistic regression","General","EAC","male"
"Dennekamp et al. (2015)","OHCA","y","PM2.5","0",1.0223,0.9927,1.0529,NA,NA,6.1,"μg/m3","Australia","Australia","Victorian Ambulance Cardiac Arrest Registry","2 (2006-2007)",NA,"OR","Conditional logistic regression","General","EAC","male"
"Dennekamp et al. (2015)","OHCA","y","PM2.5","1",1.0263,0.996,1.0576,NA,NA,6.1,"μg/m3","Australia","Australia","Victorian Ambulance Cardiac Arrest Registry","2 (2006-2007)",NA,"OR","Conditional logistic regression","General","EAC","male"
"Dennekamp et al. (2015)","OHCA","y","PM2.5","2",1.0096,0.9791,1.0411,NA,NA,6.1,"μg/m3","Australia","Australia","Victorian Ambulance Cardiac Arrest Registry","2 (2006-2007)",NA,"OR","Conditional logistic regression","General","EAC","male"
"Dennekamp et al. (2015)","OHCA","y","PM2.5","0-12",1.0274,0.9913,1.0647,NA,NA,6.1,"μg/m3","Australia","Australia","Victorian Ambulance Cardiac Arrest Registry","2 (2006-2007)",NA,"OR","Conditional logistic regression","General","EAC","male"
"Dennekamp et al. (2015)","OHCA","y","PM2.5","0-2",1.0247,0.994,1.0563,NA,NA,6.1,"μg/m3","Australia","Australia","Victorian Ambulance Cardiac Arrest Registry","2 (2006-2007)",NA,"OR","Conditional logistic regression","General","EAC","male"
"Dennekamp et al. (2015)","OHCA","y","PM2.5","0-24",1.0489,1.0069,1.0927,NA,NA,6.1,"μg/m3","Australia","Australia","Victorian Ambulance Cardiac Arrest Registry","2 (2006-2007)",NA,"OR","Conditional logistic regression","General","EAC","male"
"Dennekamp et al. (2015)","OHCA","y","PM2.5","0-3",1.0206,0.9892,1.0529,NA,NA,6.1,"μg/m3","Australia","Australia","Victorian Ambulance Cardiac Arrest Registry","2 (2006-2007)",NA,"OR","Conditional logistic regression","General","EAC","male"
"Dennekamp et al. (2015)","OHCA","y","PM2.5","0-4",1.0201,0.9878,1.0534,NA,NA,6.1,"μg/m3","Australia","Australia","Victorian Ambulance Cardiac Arrest Registry","2 (2006-2007)",NA,"OR","Conditional logistic regression","General","EAC","male"
"Dennekamp et al. (2015)","OHCA","y","PM2.5","0-8",1.0254,0.991,1.061,NA,NA,6.1,"μg/m3","Australia","Australia","Victorian Ambulance Cardiac Arrest Registry","2 (2006-2007)",NA,"OR","Conditional logistic regression","General","EAC","male"
"Ensor et al. (2013)","OHCA","y","O3","1-3",1.0269,0.9655,1.0907,NA,NA,6,"ppb","USA","America","Houston Fire Department","8 (2004-2011)",22.9833,"OR","Conditional logistic regression","General","EAC","female"
"Ensor et al. (2013)","OHCA","y","O3","1-3",1.0563,1.0059,1.1092,NA,NA,6,"ppb","USA","America","Houston Fire Department","8 (2004-2011)",22.9833,"OR","Conditional logistic regression","General","EAC","male"
"Evans et al. (2017)","STEMI","y","BC","1",1,0.73,1.37,NA,NA,0.531,"μg/m3","USA","America","URMC Cardiac Catheterization Laboratory","6 (2007-2012)",NA,"OR","Conditional logistic regression","General","HA","female"
"Evans et al. (2017)","STEMI","y","BC","1",0.99,0.83,1.19,NA,NA,0.531,"μg/m3","USA","America","URMC Cardiac Catheterization Laboratory","6 (2007-2012)",NA,"OR","Conditional logistic regression","General","HA","male"
"Evans et al. (2017)","STEMI","y","O3","1",1.2,0.76,1.87,NA,NA,19.9,"ppb","USA","America","URMC Cardiac Catheterization Laboratory","6 (2007-2012)",11.16667,"OR","Conditional logistic regression","General","HA","female"
"Evans et al. (2017)","STEMI","y","O3","1",1.31,0.98,1.76,NA,NA,19.9,"ppb","USA","America","URMC Cardiac Catheterization Laboratory","6 (2007-2012)",11.16667,"OR","Conditional logistic regression","General","HA","male"
"Fang et al. (2024)","Acute ischemic stroke","y","PM2.5","0",1.0048,0.9918,1.018,NA,NA,27.5,"μg/m3","China","Asia","Shanghai Stroke Service System Database","5 (2017-2021)",NA,"OR","Conditional logistic regression","General","HA","female"
"Fang et al. (2024)","Acute ischemic stroke","y","PM10","0-1",1.0043,0.9914,1.0174,NA,NA,33.1,"μg/m3","China","Asia","Shanghai Stroke Service System Database","5 (2017-2021)",NA,"OR","Conditional logistic regression","General","HA","female"
"Fang et al. (2024)","Acute ischemic stroke","y","NO2","0-13",1.0104,0.9924,1.0287,NA,NA,26.6,"μg/m3","China","Asia","Shanghai Stroke Service System Database","5 (2017-2021)",NA,"OR","Conditional logistic regression","General","HA","female"
"Fang et al. (2024)","Acute ischemic stroke","y","O3","0",0.9998,0.9683,1.0317,NA,NA,50.8,"μg/m3","China","Asia","Shanghai Stroke Service System Database","5 (2017-2021)",NA,"OR","Conditional logistic regression","General","HA","female"
"Fang et al. (2024)","Acute ischemic stroke","y","O3","0-2",1.0041,0.9639,1.0459,NA,NA,50.8,"μg/m3","China","Asia","Shanghai Stroke Service System Database","5 (2017-2021)",NA,"OR","Conditional logistic regression","General","HA","female"
"Fang et al. (2024)","Acute ischemic stroke","y","SO2","0-3",1.0073,0.9888,1.0262,NA,NA,4.2,"μg/m3","China","Asia","Shanghai Stroke Service System Database","5 (2017-2021)",NA,"OR","Conditional logistic regression","General","HA","female"
"Fang et al. (2024)","Acute ischemic stroke","y","PM2.5","0",1.0093,0.9997,1.0186,NA,NA,27.5,"μg/m3","China","Asia","Shanghai Stroke Service System Database","5 (2017-2021)",NA,"OR","Conditional logistic regression","General","HA","male"
"Fang et al. (2024)","Acute ischemic stroke","y","PM10","0-1",1.0085,0.9988,1.0182,NA,NA,33.1,"μg/m3","China","Asia","Shanghai Stroke Service System Database","5 (2017-2021)",NA,"OR","Conditional logistic regression","General","HA","male"
"Fang et al. (2024)","Acute ischemic stroke","y","NO2","0-13",1.0351,1.0214,1.0489,NA,NA,26.6,"μg/m3","China","Asia","Shanghai Stroke Service System Database","5 (2017-2021)",NA,"OR","Conditional logistic regression","General","HA","male"
"Fang et al. (2024)","Acute ischemic stroke","y","O3","0",1.0235,1.0007,1.0468,NA,NA,50.8,"μg/m3","China","Asia","Shanghai Stroke Service System Database","5 (2017-2021)",NA,"OR","Conditional logistic regression","General","HA","male"
"Fang et al. (2024)","Acute ischemic stroke","y","O3","0-2",1.0259,0.9964,1.0563,NA,NA,50.8,"μg/m3","China","Asia","Shanghai Stroke Service System Database","5 (2017-2021)",NA,"OR","Conditional logistic regression","General","HA","male"
"Fang et al. (2024)","Acute ischemic stroke","y","SO2","0-3",1.0328,1.0188,1.0469,NA,NA,4.2,"μg/m3","China","Asia","Shanghai Stroke Service System Database","5 (2017-2021)",NA,"OR","Conditional logistic regression","General","HA","male"
"Gardner et al. (2014)","STEMI","y","PM2.5","1",1.31,1.03,1.65,NA,NA,7.1,"μg/m3","USA","America","URMC Cardiac Catheterization Laboratory","4 (2007-2010)",NA,"OR","Conditional logistic regression","General","HA","female"
"Gardner et al. (2014)","STEMI","y","PM2.5","1",1.11,0.91,1.35,NA,NA,7.1,"μg/m3","USA","America","URMC Cardiac Catheterization Laboratory","4 (2007-2010)",NA,"OR","Conditional logistic regression","General","HA","male"
"Jiang et al. (2023)","Angina pectoris","y (combined)","PM2.5","0-12",NA,NA,NA,NA,NA,32.4,"μg/m3","China","Asia","CCA Database","7 (2015-2021)",NA,"OR","Conditional logistic regression","General","HA","male"
"Jiang et al. (2023)","Unstable angina","fixed-effects","PM2.5","0-12",1.0098,1.005,1.0146,NA,NA,32.4,"μg/m3","China","Asia","CCA Database","7 (2015-2021)",NA,"OR","Conditional logistic regression","General","HA","male"
"Jiang et al. (2023)","Stable angina","fixed-effects","PM2.5","0-12",1.0137,1.0047,1.0228,NA,NA,32.4,"μg/m3","China","Asia","CCA Database","7 (2015-2021)",NA,"OR","Conditional logistic regression","General","HA","male"
"Jiang et al. (2023)","Angina pectoris","y (combined)","PM2.5","0-12",NA,NA,NA,NA,NA,32.4,"μg/m3","China","Asia","CCA Database","7 (2015-2021)",NA,"OR","Conditional logistic regression","General","HA","female"
"Jiang et al. (2023)","Unstable angina","fixed-effects","PM2.5","0-12",1.0176,1.0118,1.0235,NA,NA,32.4,"μg/m3","China","Asia","CCA Database","7 (2015-2021)",NA,"OR","Conditional logistic regression","General","HA","female"
"Jiang et al. (2023)","Stable angina","fixed-effects","PM2.5","0-12",1.0202,1.0097,1.0309,NA,NA,32.4,"μg/m3","China","Asia","CCA Database","7 (2015-2021)",NA,"OR","Conditional logistic regression","General","HA","female"
"Kranc et al. (2021a)","OHCA","y","Cold","10-20",1.13,0.86,1.47,11.5,21,9.5,"°C","Israel","Asia","Magen David Adom","2 (2016-2017)",NA,"OR","Conditional logistic regression","General","EAC","male"
"Kranc et al. (2021a)","OHCA","y","Heat","10-20",1.26,0.95,1.67,28.7,21,7.7,"°C","Israel","Asia","Magen David Adom","2 (2016-2017)",NA,"OR","Conditional logistic regression","General","EAC","male"
"Kranc et al. (2021a)","OHCA","y","Cold","10-20",1.2,0.88,1.63,11.5,21,9.5,"°C","Israel","Asia","Magen David Adom","2 (2016-2017)",NA,"OR","Conditional logistic regression","General","EAC","female"
"Kranc et al. (2021a)","OHCA","y","Heat","10-20",1.14,0.83,1.58,28.7,21,7.7,"°C","Israel","Asia","Magen David Adom","2 (2016-2017)",NA,"OR","Conditional logistic regression","General","EAC","female"
"Kranc et al. (2021b)","OHCA","y","NO2","0-24",1.39,0.96,2.01,NA,NA,36,"ppb","Israel","Asia","Magen David Adom","2 (2016-2017)",20.6,"OR","Conditional logistic regression","General","EAC","male"
"Kranc et al. (2021b)","OHCA","y","PM10","0-24",0.86,0.45,1.66,NA,NA,68.7,"μg/m3","Israel","Asia","Magen David Adom","2 (2016-2017)",NA,"OR","Conditional logistic regression","General","EAC","male"
"Kranc et al. (2021b)","OHCA","y","PM2.5","0-24",1.18,0.72,1.94,NA,NA,35.4,"μg/m3","Israel","Asia","Magen David Adom","2 (2016-2017)",NA,"OR","Conditional logistic regression","General","EAC","male"
"Kranc et al. (2021b)","OHCA","y","SO2","0-24",0.78,0.3,1.89,NA,NA,2.3,"ppb","Israel","Asia","Magen David Adom","2 (2016-2017)",20.6,"OR","Conditional logistic regression","General","EAC","male"
"Kranc et al. (2021b)","OHCA","y","NO2","0-24",1,0.66,1.51,NA,NA,36,"ppb","Israel","Asia","Magen David Adom","2 (2016-2017)",20.6,"OR","Conditional logistic regression","General","EAC","female"
"Kranc et al. (2021b)","OHCA","y","PM10","0-24",1.27,0.59,2.71,NA,NA,68.7,"μg/m3","Israel","Asia","Magen David Adom","2 (2016-2017)",NA,"OR","Conditional logistic regression","General","EAC","female"
"Kranc et al. (2021b)","OHCA","y","PM2.5","0-24",1.15,0.65,2.03,NA,NA,35.4,"μg/m3","Israel","Asia","Magen David Adom","2 (2016-2017)",NA,"OR","Conditional logistic regression","General","EAC","female"
"Kranc et al. (2021b)","OHCA","y","SO2","0-24",0.49,0.17,1.4,NA,NA,2.3,"ppb","Israel","Asia","Magen David Adom","2 (2016-2017)",20.6,"OR","Conditional logistic regression","General","EAC","female"
"Li, J. et al. (2019)","STEMI","y","PM10","0-24",1.029,0.9892,1.0688,NA,NA,10,"μg/m3","China","Asia","First and Third People's Hospital of Yancheng City","4 (2015-2018)",NA,"OR","Conditional logistic regression","General","EDV","male"
"Li, J. et al. (2019)","STEMI","y","PM2.5","0-24",1.0355,0.9806,1.0925,NA,NA,10,"μg/m3","China","Asia","First and Third People's Hospital of Yancheng City","4 (2015-2018)",NA,"OR","Conditional logistic regression","General","EDV","male"
"Li, J. et al. (2019)","STEMI","y","PM10","0-24",1.0774,1.0065,1.1538,NA,NA,10,"μg/m3","China","Asia","First and Third People's Hospital of Yancheng City","4 (2015-2018)",NA,"OR","Conditional logistic regression","General","EDV","female"
"Li, J. et al. (2019)","STEMI","y","PM2.5","0-24",1.1097,1.014,1.2129,NA,NA,10,"μg/m3","China","Asia","First and Third People's Hospital of Yancheng City","4 (2015-2018)",NA,"OR","Conditional logistic regression","General","EDV","female"
"Lv et al. (2023)","Stroke","y","PM2.5","0-2",1.034,1.0121,1.0564,NA,NA,24,"μg/m3","China","Asia","Zhejiang Hospitals","6 (2016-2021)",NA,"OR","Conditional logistic regression","General","EDV","male"
"Lv et al. (2023)","Stroke","y","PM10","0-2",1.0433,1.0218,1.0653,NA,NA,35,"μg/m3","China","Asia","Zhejiang Hospitals","6 (2016-2021)",NA,"OR","Conditional logistic regression","General","EDV","male"
"Lv et al. (2023)","Stroke","y","NO2","0-2",1.0341,1.0078,1.0611,NA,NA,25,"μg/m3","China","Asia","Zhejiang Hospitals","6 (2016-2021)",NA,"OR","Conditional logistic regression","General","EDV","male"
"Lv et al. (2023)","Stroke","y","SO2","0-2",1.0239,1.0012,1.0472,NA,NA,5,"μg/m3","China","Asia","Zhejiang Hospitals","6 (2016-2021)",NA,"OR","Conditional logistic regression","General","EDV","male"
"Lv et al. (2023)","Stroke","y","O3","0-2",0.9879,0.9634,1.013,NA,NA,58,"μg/m3","China","Asia","Zhejiang Hospitals","6 (2016-2021)",NA,"OR","Conditional logistic regression","General","EDV","male"
"Lv et al. (2023)","Stroke","y","CO","0-2",1.0334,1.0034,1.0642,NA,NA,0.4,"mg/m3","China","Asia","Zhejiang Hospitals","6 (2016-2021)",NA,"OR","Conditional logistic regression","General","EDV","male"
"Lv et al. (2023)","Stroke","y","PM2.5","0-2",0.9999,0.977,1.0234,NA,NA,24,"μg/m3","China","Asia","Zhejiang Hospitals","6 (2016-2021)",NA,"OR","Conditional logistic regression","General","EDV","female"
"Lv et al. (2023)","Stroke","y","PM10","0-2",0.998,0.9758,1.0206,NA,NA,35,"μg/m3","China","Asia","Zhejiang Hospitals","6 (2016-2021)",NA,"OR","Conditional logistic regression","General","EDV","female"
"Lv et al. (2023)","Stroke","y","NO2","0-2",1.0323,1.0039,1.0615,NA,NA,25,"μg/m3","China","Asia","Zhejiang Hospitals","6 (2016-2021)",NA,"OR","Conditional logistic regression","General","EDV","female"
"Lv et al. (2023)","Stroke","y","SO2","0-2",1.0317,1.0072,1.0568,NA,NA,5,"μg/m3","China","Asia","Zhejiang Hospitals","6 (2016-2021)",NA,"OR","Conditional logistic regression","General","EDV","female"
"Lv et al. (2023)","Stroke","y","O3","0-2",0.9938,0.9671,1.0213,NA,NA,58,"μg/m3","China","Asia","Zhejiang Hospitals","6 (2016-2021)",NA,"OR","Conditional logistic regression","General","EDV","female"
"Lv et al. (2023)","Stroke","y","CO","0-2",1.0008,0.9696,1.0329,NA,NA,0.4,"mg/m3","China","Asia","Zhejiang Hospitals","6 (2016-2021)",NA,"OR","Conditional logistic regression","General","EDV","female"
"Nirel et al. (2018)","Cardiac","y","PM10-2.5","1-6",1.0018,0.9971,1.0069,NA,NA,10,"μg/m3","Israel","Asia","SHL Telemedicine","12 (2002-2013)",NA,"OR","Conditional logistic regression",">= 50 years","EAC","female"
"Nirel et al. (2018)","Cardiac","y","PM10-2.5","1-6",1.0035,1.0008,1.0077,NA,NA,10,"μg/m3","Israel","Asia","SHL Telemedicine","12 (2002-2013)",NA,"OR","Conditional logistic regression",">= 50 years","EAC","male"
"Nirel et al. (2018)","Cardiac","y","PM2.5","1-6",1.0035,0.989,1.0208,NA,NA,10,"μg/m3","Israel","Asia","SHL Telemedicine","12 (2002-2013)",NA,"OR","Conditional logistic regression",">= 50 years","EAC","female"
"Nirel et al. (2018)","Cardiac","y","PM2.5","1-6",1.0104,0.9983,1.0237,NA,NA,10,"μg/m3","Israel","Asia","SHL Telemedicine","12 (2002-2013)",NA,"OR","Conditional logistic regression",">= 50 years","EAC","male"
"Rosenthal et al. (2008)","OHCA","y","PM2.5","0",1.0879,0.9589,1.243,NA,NA,10,"μg/m3","USA","America","Wishard Ambulance Service","2 (2005-2006)",NA,"OR","Conditional logistic regression","General","EAC","male"
"Rosenthal et al. (2008)","OHCA","y","PM2.5","0",1.1813,0.985,1.4131,NA,NA,10,"μg/m3","USA","America","Wishard Ambulance Service","2 (2005-2006)",NA,"OR","Conditional logistic regression","General","EAC","female"
"Rosenthal et al. (2008)","OHCA","y","PM2.5","0-23",1.0634,0.9521,1.1838,NA,NA,10,"μg/m3","USA","America","Wishard Ambulance Service","2 (2005-2006)",NA,"OR","Conditional logistic regression","General","EAC","male"
"Rosenthal et al. (2008)","OHCA","y","PM2.5","0-23",0.9676,0.8537,1.1049,NA,NA,10,"μg/m3","USA","America","Wishard Ambulance Service","2 (2005-2006)",NA,"OR","Conditional logistic regression","General","EAC","female"
"Rosenthal et al. (2013)","Myocardial infarction","n","PM2.5","0-24",1.008,0.752,1.344,NA,NA,7.7,"μg/m3","Finland","Europe","Helsinki Emergency Medical Services","3 (2005-2007)",NA,"OR","Conditional logistic regression","General","EAC","female"
"Rosenthal et al. (2013)","Myocardial infarction","n","PM2.5","0-24",1.24,1.064,1.424,NA,NA,7.7,"μg/m3","Finland","Europe","Helsinki Emergency Medical Services","3 (2005-2007)",NA,"OR","Conditional logistic regression","General","EAC","male"
"Sullivan et al. (2005)","Myocardial infarction","y","PM2.5","1",1.02,0.98,1.06,NA,NA,10,"μg/m3","USA","America","MITI Project","7 (1988-1994)",NA,"OR","Conditional logistic regression","General","HA","male"
"Sullivan et al. (2005)","Myocardial infarction","y","PM2.5","1-24",1.03,0.99,1.08,NA,NA,10,"μg/m3","USA","America","MITI Project","7 (1988-1994)",NA,"OR","Conditional logistic regression","General","HA","male"
"Sullivan et al. (2005)","Myocardial infarction","y","PM2.5","1",1,0.95,1.06,NA,NA,10,"μg/m3","USA","America","MITI Project","7 (1988-1994)",NA,"OR","Conditional logistic regression","General","HA","female"
"Sullivan et al. (2005)","Myocardial infarction","y","PM2.5","1-24",1,0.94,1.07,NA,NA,10,"μg/m3","USA","America","MITI Project","7 (1988-1994)",NA,"OR","Conditional logistic regression","General","HA","female"
"Wang, Y. et al. (2022)","Acute ischemic stroke","y (combined)","PM2.5","0-1",NA,NA,NA,NA,NA,10,"μg/m3","China","Asia","Shanghai General Hospital","4 (2014-2017)",NA,"OR","Conditional logistic regression","General","HA","female"
"Wang, Y. et al. (2022)","Acute ischemic stroke","y (combined)","PM2.5","0-1",NA,NA,NA,NA,NA,10,"μg/m3","China","Asia","Shanghai General Hospital","4 (2014-2017)",NA,"OR","Conditional logistic regression","General","HA","male"
"Wang, Y. et al. (2022)","Acute ischemic stroke","y (combined)","PM2.5","0-3",NA,NA,NA,NA,NA,10,"μg/m3","China","Asia","Shanghai General Hospital","4 (2014-2017)",NA,"OR","Conditional logistic regression","General","HA","female"
"Wang, Y. et al. (2022)","Acute ischemic stroke","y (combined)","PM2.5","0-3",NA,NA,NA,NA,NA,10,"μg/m3","China","Asia","Shanghai General Hospital","4 (2014-2017)",NA,"OR","Conditional logistic regression","General","HA","male"
"Wang, Y. et al. (2022)","Acute ischemic stroke","y (combined)","PM2.5","0-6",NA,NA,NA,NA,NA,10,"μg/m3","China","Asia","Shanghai General Hospital","4 (2014-2017)",NA,"OR","Conditional logistic regression","General","HA","female"
"Wang, Y. et al. (2022)","Acute ischemic stroke","y (combined)","PM2.5","0-6",NA,NA,NA,NA,NA,10,"μg/m3","China","Asia","Shanghai General Hospital","4 (2014-2017)",NA,"OR","Conditional logistic regression","General","HA","male"
"Wang, Y. et al. (2022)","Acute ischemic stroke","y (combined)","PM2.5","0-12",NA,NA,NA,NA,NA,10,"μg/m3","China","Asia","Shanghai General Hospital","4 (2014-2017)",NA,"OR","Conditional logistic regression","General","HA","female"
"Wang, Y. et al. (2022)","Acute ischemic stroke","y (combined)","PM2.5","0-12",NA,NA,NA,NA,NA,10,"μg/m3","China","Asia","Shanghai General Hospital","4 (2014-2017)",NA,"OR","Conditional logistic regression","General","HA","male"
"Wang, Y. et al. (2022)","Acute ischemic stroke","y (combined)","PM2.5","0-24",NA,NA,NA,NA,NA,10,"μg/m3","China","Asia","Shanghai General Hospital","4 (2014-2017)",NA,"OR","Conditional logistic regression","General","HA","female"
"Wang, Y. et al. (2022)","Acute ischemic stroke","y (combined)","PM2.5","0-24",NA,NA,NA,NA,NA,10,"μg/m3","China","Asia","Shanghai General Hospital","4 (2014-2017)",NA,"OR","Conditional logistic regression","General","HA","male"
"Wang, Y. et al. (2022)","Non-wake-up stroke","fixed-effects","PM2.5","0-1",0.9664,0.8859,1.0497,NA,NA,10,"μg/m3","China","Asia","Shanghai General Hospital","4 (2014-2017)",NA,"OR","Conditional logistic regression","General","HA","female"
"Wang, Y. et al. (2022)","Non-wake-up stroke","fixed-effects","PM2.5","0-1",1.0255,0.9772,1.0819,NA,NA,10,"μg/m3","China","Asia","Shanghai General Hospital","4 (2014-2017)",NA,"OR","Conditional logistic regression","General","HA","male"
"Wang, Y. et al. (2022)","Non-wake-up stroke","fixed-effects","PM2.5","0-3",0.9772,0.8966,1.0685,NA,NA,10,"μg/m3","China","Asia","Shanghai General Hospital","4 (2014-2017)",NA,"OR","Conditional logistic regression","General","HA","female"
"Wang, Y. et al. (2022)","Non-wake-up stroke","fixed-effects","PM2.5","0-3",1.0309,0.9745,1.0819,NA,NA,10,"μg/m3","China","Asia","Shanghai General Hospital","4 (2014-2017)",NA,"OR","Conditional logistic regression","General","HA","male"
"Wang, Y. et al. (2022)","Non-wake-up stroke","fixed-effects","PM2.5","0-6",0.9933,0.9128,1.0819,NA,NA,10,"μg/m3","China","Asia","Shanghai General Hospital","4 (2014-2017)",NA,"OR","Conditional logistic regression","General","HA","female"
"Wang, Y. et al. (2022)","Non-wake-up stroke","fixed-effects","PM2.5","0-6",1.0228,0.9745,1.0765,NA,NA,10,"μg/m3","China","Asia","Shanghai General Hospital","4 (2014-2017)",NA,"OR","Conditional logistic regression","General","HA","male"
"Wang, Y. et al. (2022)","Non-wake-up stroke","fixed-effects","PM2.5","0-12",1.0013,0.9128,1.1034,NA,NA,10,"μg/m3","China","Asia","Shanghai General Hospital","4 (2014-2017)",NA,"OR","Conditional logistic regression","General","HA","female"
"Wang, Y. et al. (2022)","Non-wake-up stroke","fixed-effects","PM2.5","0-12",0.9933,0.9369,1.055,NA,NA,10,"μg/m3","China","Asia","Shanghai General Hospital","4 (2014-2017)",NA,"OR","Conditional logistic regression","General","HA","male"
"Wang, Y. et al. (2022)","Non-wake-up stroke","fixed-effects","PM2.5","0-24",0.9906,0.8886,1.106,NA,NA,10,"μg/m3","China","Asia","Shanghai General Hospital","4 (2014-2017)",NA,"OR","Conditional logistic regression","General","HA","female"
"Wang, Y. et al. (2022)","Non-wake-up stroke","fixed-effects","PM2.5","0-24",0.9584,0.8913,1.0282,NA,NA,10,"μg/m3","China","Asia","Shanghai General Hospital","4 (2014-2017)",NA,"OR","Conditional logistic regression","General","HA","male"
"Wang, Y. et al. (2022)","Wake-up stroke","fixed-effects","PM2.5","0-1",0.9158,0.7474,1.1,NA,NA,10,"μg/m3","China","Asia","Shanghai General Hospital","4 (2014-2017)",NA,"OR","Conditional logistic regression","General","HA","female"
"Wang, Y. et al. (2022)","Wake-up stroke","fixed-effects","PM2.5","0-1",0.9737,0.9,1.0579,NA,NA,10,"μg/m3","China","Asia","Shanghai General Hospital","4 (2014-2017)",NA,"OR","Conditional logistic regression","General","HA","male"
"Wang, Y. et al. (2022)","Wake-up stroke","fixed-effects","PM2.5","0-3",0.9316,0.7684,1.1105,NA,NA,10,"μg/m3","China","Asia","Shanghai General Hospital","4 (2014-2017)",NA,"OR","Conditional logistic regression","General","HA","female"
"Wang, Y. et al. (2022)","Wake-up stroke","fixed-effects","PM2.5","0-3",0.9895,0.9,1.0737,NA,NA,10,"μg/m3","China","Asia","Shanghai General Hospital","4 (2014-2017)",NA,"OR","Conditional logistic regression","General","HA","male"
"Wang, Y. et al. (2022)","Wake-up stroke","fixed-effects","PM2.5","0-6",0.9263,0.7789,1.1053,NA,NA,10,"μg/m3","China","Asia","Shanghai General Hospital","4 (2014-2017)",NA,"OR","Conditional logistic regression","General","HA","female"
"Wang, Y. et al. (2022)","Wake-up stroke","fixed-effects","PM2.5","0-6",1.0053,0.9211,1.0947,NA,NA,10,"μg/m3","China","Asia","Shanghai General Hospital","4 (2014-2017)",NA,"OR","Conditional logistic regression","General","HA","male"
"Wang, Y. et al. (2022)","Wake-up stroke","fixed-effects","PM2.5","0-12",0.8895,0.7158,1.0737,NA,NA,10,"μg/m3","China","Asia","Shanghai General Hospital","4 (2014-2017)",NA,"OR","Conditional logistic regression","General","HA","female"
"Wang, Y. et al. (2022)","Wake-up stroke","fixed-effects","PM2.5","0-12",1.0158,0.9158,1.1158,NA,NA,10,"μg/m3","China","Asia","Shanghai General Hospital","4 (2014-2017)",NA,"OR","Conditional logistic regression","General","HA","male"
"Wang, Y. et al. (2022)","Wake-up stroke","fixed-effects","PM2.5","0-24",0.8368,0.6474,1.0632,NA,NA,10,"μg/m3","China","Asia","Shanghai General Hospital","4 (2014-2017)",NA,"OR","Conditional logistic regression","General","HA","female"
"Wang, Y. et al. (2022)","Wake-up stroke","fixed-effects","PM2.5","0-24",1.0368,0.9263,1.1526,NA,NA,10,"μg/m3","China","Asia","Shanghai General Hospital","4 (2014-2017)",NA,"OR","Conditional logistic regression","General","HA","male"
"Wu et al. (2020)","Cardiovascular","y","PM2.5","0-1",1.0247,0.9973,1.0521,NA,NA,10,"μg/m3","Taiwan","Asia","Chi Mei Medical Center","11 (2006-2016)",NA,"OR","Conditional logistic regression","General","EDV","female"
"Wu et al. (2020)","Cardiovascular","y","PM2.5","0-1",1.0301,1.0123,1.0507,NA,NA,10,"μg/m3","Taiwan","Asia","Chi Mei Medical Center","11 (2006-2016)",NA,"OR","Conditional logistic regression","General","EDV","male"
"Xue et al. (2023)","Arrhythmia","y","CO","0-24",1.023,1.009,1.037,NA,NA,1,"mg/m3","China","Asia","CCA Database","7 (2015-2021)",NA,"OR","Conditional logistic regression","General","HA","female"
"Xue et al. (2023)","Arrhythmia","y","NO2","0-24",1.044,1.026,1.062,NA,NA,10,"μg/m3","China","Asia","CCA Database","7 (2015-2021)",NA,"OR","Conditional logistic regression","General","HA","female"
"Xue et al. (2023)","Arrhythmia","y","O3","0-24",1.004,0.987,1.022,NA,NA,10,"μg/m3","China","Asia","CCA Database","7 (2015-2021)",NA,"OR","Conditional logistic regression","General","HA","female"
"Xue et al. (2023)","Arrhythmia","y","PM10-2.5","0-24",1.016,1.004,1.029,NA,NA,10,"μg/m3","China","Asia","CCA Database","7 (2015-2021)",NA,"OR","Conditional logistic regression","General","HA","female"
"Xue et al. (2023)","Arrhythmia","y","PM2.5","0-24",1.017,1.003,1.031,NA,NA,10,"μg/m3","China","Asia","CCA Database","7 (2015-2021)",NA,"OR","Conditional logistic regression","General","HA","female"
"Xue et al. (2023)","Arrhythmia","y","SO2","0-24",1.005,0.99,1.019,NA,NA,10,"μg/m3","China","Asia","CCA Database","7 (2015-2021)",NA,"OR","Conditional logistic regression","General","HA","female"
"Xue et al. (2023)","Arrhythmia","y","CO","0-24",1.023,1.01,1.037,NA,NA,1,"mg/m3","China","Asia","CCA Database","7 (2015-2021)",NA,"OR","Conditional logistic regression","General","HA","male"
"Xue et al. (2023)","Arrhythmia","y","NO2","0-24",1.056,1.039,1.074,NA,NA,10,"μg/m3","China","Asia","CCA Database","7 (2015-2021)",NA,"OR","Conditional logistic regression","General","HA","male"
"Xue et al. (2023)","Arrhythmia","y","O3","0-24",1.014,0.996,1.031,NA,NA,10,"μg/m3","China","Asia","CCA Database","7 (2015-2021)",NA,"OR","Conditional logistic regression","General","HA","male"
"Xue et al. (2023)","Arrhythmia","y","PM10-2.5","0-24",1.03,1.018,1.042,NA,NA,10,"μg/m3","China","Asia","CCA Database","7 (2015-2021)",NA,"OR","Conditional logistic regression","General","HA","male"
"Xue et al. (2023)","Arrhythmia","y","PM2.5","0-24",1.02,1.007,1.034,NA,NA,10,"μg/m3","China","Asia","CCA Database","7 (2015-2021)",NA,"OR","Conditional logistic regression","General","HA","male"
"Xue et al. (2023)","Arrhythmia","y","SO2","0-24",1.029,1.015,1.044,NA,NA,10,"μg/m3","China","Asia","CCA Database","7 (2015-2021)",NA,"OR","Conditional logistic regression","General","HA","male"
"Zhou et al. (2023)","Cardiovascular","y","PM2.5","0-24",1.016,1.001,1.03,NA,NA,24,"μg/m3","China","Asia","Shenzhen Ambulance Emergency Center","7 (2013-2019)",NA,"OR","Conditional logistic regression","General","EAC","male"
"Zhou et al. (2023)","Cardiovascular","y","PM2.5","0-24",1.016,1.002,1.031,NA,NA,24,"μg/m3","China","Asia","Shenzhen Ambulance Emergency Center","7 (2013-2019)",NA,"OR","Conditional logistic regression","General","EAC","female"
"Zhou et al. (2023)","Cardiovascular","y","PM10","0-24",1.019,1.005,1.034,NA,NA,34,"μg/m3","China","Asia","Shenzhen Ambulance Emergency Center","7 (2013-2019)",NA,"OR","Conditional logistic regression","General","EAC","male"
"Zhou et al. (2023)","Cardiovascular","y","PM10","0-24",1.019,1.005,1.034,NA,NA,34,"μg/m3","China","Asia","Shenzhen Ambulance Emergency Center","7 (2013-2019)",NA,"OR","Conditional logistic regression","General","EAC","female"
